,IsRecentlyVerified,DateLastVerified,ID,UUID,DataProviderID,OperatorID,UsageTypeID,Connections,NumberOfPoints,StatusTypeID,DateLastStatusUpdate,DataQualityLevel,DateCreated,SubmissionStatusTypeID,AddressInfo.ID,AddressInfo.Title,AddressInfo.AddressLine1,AddressInfo.StateOrProvince,AddressInfo.Postcode,AddressInfo.CountryID,AddressInfo.Latitude,AddressInfo.Longitude,AddressInfo.DistanceUnit,AddressInfo.Town,GeneralComments,AddressInfo.RelatedURL,UsageCost,AddressInfo.AddressLine2,AddressInfo.AccessComments,AddressInfo.ContactTelephone1,AddressInfo.ContactEmail,AddressInfo.ContactTelephone2,ID,ConnectionTypeID,StatusTypeID,LevelID,PowerKW,CurrentTypeID,Quantity,Reference,Amps,Voltage,Comments
0,True,2023-03-15T11:19:00Z,256957,C274DD57-63EE-4953-8723-61A928DC8A64,1,1.0,6.0,[],1,50,2023-03-15T11:19:00Z,1,2023-03-15T10:20:00Z,200,257341,De Wildkansel,De Wildkansel,Flevoland,8251 ME,159,52.521086139767704,5.731164197082762,0,,,,,,,,,,,,,,,,,,,,
1,True,2023-03-04T15:56:00Z,238390,54DE6F07-8F83-4D6C-AC5C-F46C3CC5AF40,1,47.0,4.0,"[{'ID': 392175, 'ConnectionTypeID': 33, 'StatusTypeID': 50, 'LevelID': 3, 'PowerKW': 50.0, 'CurrentTypeID': 30, 'Quantity': 1}, {'ID': 392176, 'ConnectionTypeID': 2, 'StatusTypeID': 50, 'LevelID': 3, 'PowerKW': 50.0, 'CurrentTypeID': 30, 'Quantity': 1}]",1,50,2023-03-04T15:56:00Z,1,2023-03-04T15:56:00Z,200,238774,Mc Donalds Ijsselstein,Lorentzlaan,Utrecht,3401 MX,159,52.014896340300794,5.06245760912293,0,IJsselstein,,,,,,,,,392175.0,33.0,50.0,3.0,50.0,30.0,1.0,,,,
2,True,2023-03-04T15:52:00Z,238389,2A59654E-C064-4234-AD9F-9E814387FE0B,1,47.0,4.0,"[{'ID': 392173, 'ConnectionTypeID': 33, 'StatusTypeID': 50, 'LevelID': 3, 'PowerKW': 175.0, 'CurrentTypeID': 30, 'Quantity': 6}, {'ID': 392174, 'ConnectionTypeID': 2, 'StatusTypeID': 50, 'LevelID': 3, 'PowerKW': 50.0, 'CurrentTypeID': 30, 'Quantity': 1}]",6,50,2023-03-04T15:52:00Z,1,2023-03-04T15:52:00Z,200,238773,Haje Allego Ultra E Nieuwegein Oost,Waterliniedok,Utrecht,3433 NV,159,52.01118158983823,5.1220471338107245,0,Nieuwegein,,,,,,,,,392173.0,33.0,50.0,3.0,175.0,30.0,6.0,,,,
3,True,2023-03-04T15:49:00Z,238388,2C11156F-072A-416A-9489-B2D96889BD9F,1,47.0,4.0,"[{'ID': 392171, 'ConnectionTypeID': 33, 'StatusTypeID': 50, 'LevelID': 3, 'PowerKW': 50.0, 'CurrentTypeID': 30, 'Quantity': 1}, {'ID': 392172, 'ConnectionTypeID': 2, 'StatusTypeID': 50, 'LevelID': 3, 'PowerKW': 50.0, 'CurrentTypeID': 30, 'Quantity': 1}]",1,50,2023-03-04T15:49:00Z,1,2023-03-04T15:49:00Z,200,238772,Mc Donalds Nieuwegein ,Ravenswade,Utrecht,3439 LD,159,52.04920110246246,5.117388801827872,0,Nieuwegein,,,,,,,,,392171.0,33.0,50.0,3.0,50.0,30.0,1.0,,,,
4,True,2023-03-04T14:27:00Z,238387,7CC524E9-1377-47C2-97A5-B616B76DD825,1,47.0,4.0,"[{'ID': 392170, 'ConnectionTypeID': 33, 'StatusTypeID': 50, 'LevelID': 3, 'PowerKW': 175.0, 'CurrentTypeID': 30, 'Quantity': 2}]",2,50,2023-03-04T14:27:00Z,1,2023-03-04T14:27:00Z,200,238771,Divers Woerden,Europabaan,Utrecht,3446 CE,159,52.075587540309186,4.901184234016853,0,Woerden,,,,,,,,,392170.0,33.0,50.0,3.0,175.0,30.0,2.0,,,,
5,True,2023-03-04T14:16:00Z,238386,A543C1A2-9612-4492-B227-394A6A0143D1,1,47.0,4.0,"[{'ID': 392167, 'ConnectionTypeID': 33, 'StatusTypeID': 50, 'LevelID': 3, 'PowerKW': 175.0, 'CurrentTypeID': 30, 'Quantity': 2}, {'ID': 392168, 'ConnectionTypeID': 2, 'StatusTypeID': 50, 'LevelID': 3, 'PowerKW': 70.0, 'CurrentTypeID': 30, 'Quantity': 2}]",2,50,2023-03-04T14:16:00Z,1,2023-03-04T14:16:00Z,200,238770,Shell A12 Hellevliet,Rijksweg A12,Utrecht,3481 CV,159,52.08093975266934,4.983936303056225,0,Woerden,,,,,,,,,392167.0,33.0,50.0,3.0,175.0,30.0,2.0,,,,
6,True,2023-03-04T14:11:00Z,238385,929C3638-907E-4E94-AC57-21EA35065635,1,47.0,4.0,"[{'ID': 392165, 'ConnectionTypeID': 33, 'StatusTypeID': 50, 'LevelID': 3, 'PowerKW': 175.0, 'CurrentTypeID': 30, 'Quantity': 2}, {'ID': 392166, 'ConnectionTypeID': 2, 'StatusTypeID': 50, 'LevelID': 3, 'PowerKW': 70.0, 'CurrentTypeID': 30, 'Quantity': 2}]",2,50,2023-03-04T14:11:00Z,1,2023-03-04T14:07:00Z,200,238769,Shell Recharge Veldhuizen,Veldhuizerweg,Utrecht,3481 ZZ,159,52.0819105021566,5.003278715701072,0,Harmelen,,,,,,,,,392165.0,33.0,50.0,3.0,175.0,30.0,2.0,,,,
7,True,2023-02-23T20:59:00Z,235545,CF27F53F-B0FD-40E3-B0C6-BFC3350BB87B,1,3387.0,4.0,"[{'ID': 388570, 'ConnectionTypeID': 25, 'Reference': 'SGZH1-03906 SGZH', 'StatusTypeID': 50, 'LevelID': 2, 'Amps': 16, 'Voltage': 400, 'PowerKW': 11.0, 'CurrentTypeID': 20, 'Quantity': 2}]",2,50,2023-02-23T20:59:00Z,1,2023-02-23T20:42:00Z,200,235929,Rivierenlaan 164,Rivierenlaan 164,Zuid-Holland,2641 RK,159,52.008437986141985,4.438623144085568,0,Pijnacker,,,,,,,,,388570.0,25.0,50.0,2.0,11.0,20.0,2.0,SGZH1-03906 SGZH,16.0,400.0,
8,True,2023-02-21T13:18:00Z,235341,760B6873-7F7A-4378-BB0B-2EC793085F0D,1,103.0,1.0,"[{'ID': 388152, 'ConnectionTypeID': 25, 'Reference': 'NLALLEGO011946', 'StatusTypeID': 50, 'LevelID': 2, 'Amps': 16, 'Voltage': 400, 'PowerKW': 11.0, 'CurrentTypeID': 20, 'Quantity': 2}]",2,50,2023-02-21T13:18:00Z,1,2023-02-18T09:43:00Z,200,235725,Rosendaalsestraat 318,Rosendaalsestraat 318,,6824 CW,159,51.989283738948245,5.926502582741591,0,Arnhem,"Allego NLALLEGO011946
NL-ALL-NLALLEGO011946",https://www.allego.eu/,,,,,,,388152.0,25.0,50.0,2.0,11.0,20.0,2.0,NLALLEGO011946,16.0,400.0,
9,True,2023-02-11T08:31:00Z,213619,1DE21223-B9D5-446D-8B1C-4C29BF2329DA,1,45.0,1.0,"[{'ID': 355834, 'ConnectionTypeID': 33, 'Reference': 'NL*AVI*ENLAVIM0000027*1', 'StatusTypeID': 50, 'LevelID': 3, 'PowerKW': 138.0, 'CurrentTypeID': 30, 'Quantity': 1}, {'ID': 367061, 'ConnectionTypeID': 33, 'Reference': 'NL*AVI*ENLAVIM0000027*2', 'StatusTypeID': 50, 'LevelID': 3, 'PowerKW': 120.0, 'CurrentTypeID': 30}]",2,50,2023-02-11T08:31:00Z,1,2023-02-08T14:38:00Z,200,213999,Avia Marees Den Oever,Havenweg 2,Noord Holland,1779 XT,159,52.92906820812402,5.028645395294689,0,Den Oever,,,€0.65 per kWh,,,,,,355834.0,33.0,50.0,3.0,138.0,30.0,1.0,NL*AVI*ENLAVIM0000027*1,,,
10,True,2023-01-17T22:53:00Z,212424,DC6664F5-EAE1-4838-81B6-D6E2BB3B7202,1,3504.0,1.0,"[{'ID': 353652, 'ConnectionTypeID': 33, 'StatusTypeID': 50, 'LevelID': 3, 'Amps': 250, 'PowerKW': 120.0, 'CurrentTypeID': 30, 'Quantity': 4}]",4,50,2023-01-17T22:53:00Z,1,2023-01-17T14:01:00Z,200,212804,Meester Cramerweg,Meester Cramerweg,Drenthe,7913 WB,159,52.710549409171165,6.517221954540901,0,Hoogeveen,,,€0.71/kWh,,,,,,353652.0,33.0,50.0,3.0,120.0,30.0,4.0,,250.0,,
11,True,2023-01-17T22:53:00Z,212423,C70CDFC4-7983-4EBB-B5B2-BDED2CF8AE57,1,3504.0,1.0,"[{'ID': 353651, 'ConnectionTypeID': 33, 'StatusTypeID': 50, 'LevelID': 3, 'Amps': 250, 'PowerKW': 60.0, 'CurrentTypeID': 30, 'Quantity': 2}]",2,50,2023-01-17T22:53:00Z,1,2023-01-17T14:00:00Z,200,212803,Zeemansstraat,Zeemansstraat 21,Noord-Holland,1506 CS,159,52.440784547014516,4.821080344094412,0,Zaandam,,,€0.71/kWh,,,,,,353651.0,33.0,50.0,3.0,60.0,30.0,2.0,,250.0,,
12,True,2023-01-17T22:53:00Z,212422,D5563442-3D8D-4026-8414-0ABA137DA984,1,3504.0,1.0,"[{'ID': 353650, 'ConnectionTypeID': 33, 'StatusTypeID': 50, 'LevelID': 3, 'Amps': 250, 'Voltage': 1000, 'PowerKW': 120.0, 'CurrentTypeID': 30, 'Quantity': 8}]",8,50,2023-01-17T22:53:00Z,1,2023-01-17T13:57:00Z,200,212802,Oude Groenewoudseweg,Oude Groenewoudseweg 365,Gelderland,6524 WZ,159,51.83215405018595,5.859914320165842,0,,,,€0.71/kWh incl. VAT,Nijmegen-Oost,,,,,353650.0,33.0,50.0,3.0,120.0,30.0,8.0,,250.0,1000.0,
13,True,2023-01-05T09:06:00Z,211127,824F3540-68D8-4929-84A9-B4E5DBEF4B97,1,69.0,4.0,"[{'ID': 351964, 'ConnectionTypeID': 25, 'StatusTypeID': 50, 'LevelID': 2, 'PowerKW': 22.0, 'CurrentTypeID': 20, 'Quantity': 2}]",2,50,2023-01-05T09:06:00Z,1,2023-01-05T09:04:00Z,200,211507,Parking Hoogvliet,De Halte 269,Gelderland,6711 NZ,159,52.04184477866,5.666623285234095,0,Ede,,,,,,,,,351964.0,25.0,50.0,2.0,22.0,20.0,2.0,,,,
14,True,2023-03-17T12:41:00Z,211037,5262217F-0A62-45EE-98E5-3FF601A11B46,1,3571.0,1.0,"[{'ID': 351776, 'ConnectionTypeID': 25, 'StatusTypeID': 50, 'LevelID': 2, 'Amps': 16, 'Voltage': 400, 'PowerKW': 11.0, 'CurrentTypeID': 20, 'Quantity': 1}]",2,50,2023-03-17T12:41:00Z,1,2022-12-30T11:13:00Z,200,211417,Kamp 26 02,Kamp 26 02,,,159,52.504648974557625,5.481985227164159,0,Lelystad,,,,,Next to garbage recycling station.,,,,351776.0,25.0,50.0,2.0,11.0,20.0,1.0,,16.0,400.0,
15,True,2022-12-26T20:29:00Z,210962,402BC01C-1768-45D7-96EA-143BFC684F2E,1,47.0,1.0,"[{'ID': 351647, 'ConnectionTypeID': 2, 'Reference': 'NLEFLEV1490043', 'StatusTypeID': 50, 'LevelID': 3, 'PowerKW': 100.0, 'CurrentTypeID': 30, 'Quantity': 1}, {'ID': 351648, 'ConnectionTypeID': 33, 'StatusTypeID': 50, 'LevelID': 3, 'PowerKW': 180.0, 'CurrentTypeID': 30, 'Quantity': 3}]",2,50,2022-12-26T20:29:00Z,1,2022-12-26T14:44:00Z,200,211342,Jan Tinbergenweg,Jan Tinbergenweg 3,North Holland,1689 ZV,159,52.68088528852729,5.084495657004027,0,Zwaag,,,,,,,,,351647.0,2.0,50.0,3.0,100.0,30.0,1.0,NLEFLEV1490043,,,
16,True,2022-12-13T14:18:00Z,210384,AAB6EA96-7F03-42DA-AF1E-BB8644854DDE,1,63.0,1.0,"[{'ID': 350395, 'ConnectionTypeID': 25, 'Reference': 'NL*GFX*EPP004046*2', 'StatusTypeID': 50, 'LevelID': 2, 'Amps': 30, 'Voltage': 230, 'PowerKW': 6.0, 'CurrentTypeID': 10, 'Quantity': 1}, {'ID': 350396, 'ConnectionTypeID': 25, 'Reference': 'NL*GFX*EPP004046*1', 'StatusTypeID': 50, 'LevelID': 2, 'Amps': 30, 'Voltage': 230, 'PowerKW': 6.0, 'CurrentTypeID': 10, 'Quantity': 1}]",1,50,2022-12-13T14:18:00Z,1,2022-12-10T12:36:00Z,200,210764,Theemsstraat,Theemsstraat,North Holland,2014 RZ,159,52.37507619143503,4.613204035808508,0,Haarlem,,,,,,,,,350395.0,25.0,50.0,2.0,6.0,10.0,1.0,NL*GFX*EPP004046*2,30.0,230.0,
17,True,2022-12-15T15:45:00Z,210349,1BA14176-821A-4B5C-B22A-D4ECF02448DF,1,1.0,4.0,"[{'ID': 350318, 'ConnectionTypeID': 25, 'StatusTypeID': 50, 'LevelID': 2, 'PowerKW': 17.0, 'CurrentTypeID': 20, 'Quantity': 2}, {'ID': 350319, 'ConnectionTypeID': 25, 'StatusTypeID': 50, 'LevelID': 2, 'PowerKW': 13.0, 'CurrentTypeID': 20, 'Quantity': 1}]",2,50,2022-12-15T15:45:00Z,1,2022-12-09T16:18:00Z,200,210729,Parkeerterrein Regius College,Julianalaan,Noord-Holland,1741 CL,159,52.783795024517815,4.797450942261776,0,Schagen,,,,,,,,,350318.0,25.0,50.0,2.0,17.0,20.0,2.0,,,,
18,True,2023-01-17T22:54:00Z,209765,36CA222A-F89B-420D-B8F1-380D90701DCC,1,3504.0,1.0,"[{'ID': 349049, 'ConnectionTypeID': 33, 'StatusTypeID': 50, 'LevelID': 3, 'Amps': 136, 'Voltage': 440, 'PowerKW': 30.0, 'CurrentTypeID': 30, 'Quantity': 5}]",5,50,2023-01-17T22:54:00Z,1,2022-11-04T12:43:00Z,200,210145,Bavoort LEAP24 Semi-Fast charger,Treekerweg 28,Utrecht,3832 GW,159,52.12276082899771,5.400444811984585,0,Leusden,,http://leap24.eu,"0,55 €/kWh",Leusden-Zuid,,,,,349049.0,33.0,50.0,3.0,30.0,30.0,5.0,,136.0,440.0,
19,True,2022-10-16T09:57:00Z,208214,8C1FD358-ED02-4E4F-BD09-41ABFFF96520,1,1.0,4.0,"[{'ID': 346514, 'ConnectionTypeID': 25, 'StatusTypeID': 50, 'LevelID': 2, 'PowerKW': 11.0, 'Quantity': 1}]",4,50,2022-10-16T09:57:00Z,1,2022-10-15T09:32:00Z,200,208594,Avelingen-West,Avelingen-West,South Holland,4202MS,159,51.8360073270031,4.939790531752465,0,Gorinchem,,,,,,,,,346514.0,25.0,50.0,2.0,11.0,,1.0,,,,
20,True,2023-02-13T21:02:00Z,208212,FB80590A-D651-4DAC-86B7-20FA97E75F1B,1,1.0,4.0,"[{'ID': 346511, 'ConnectionTypeID': 25, 'StatusTypeID': 50, 'LevelID': 2, 'PowerKW': 11.0, 'Quantity': 1}]",4,50,2023-02-13T21:02:00Z,1,2022-10-15T09:26:00Z,200,208592,50 Van Heemstraweg,50 Van Heemstraweg,Gelderland,6658KH,159,51.87832100591848,5.522909074397148,0,West Maas en Waal,CPID LIB_2912,,,,,,,,346511.0,25.0,50.0,2.0,11.0,,1.0,,,,
21,True,2022-10-10T19:59:00Z,207411,F8A12675-1011-453F-A988-6FFCD92E2089,1,63.0,4.0,"[{'ID': 345323, 'ConnectionTypeID': 25, 'Reference': 'NL-GFX-ENTLP007209-2', 'StatusTypeID': 50, 'LevelID': 2, 'PowerKW': 17.0, 'CurrentTypeID': 20, 'Quantity': 1}, {'ID': 345324, 'ConnectionTypeID': 25, 'Reference': 'NL-GFX-ENTLP007209-1', 'StatusTypeID': 50, 'LevelID': 2, 'PowerKW': 17.0, 'CurrentTypeID': 20, 'Quantity': 1}]",1,50,2022-10-10T19:59:00Z,1,2022-10-10T18:40:00Z,200,207791,4 Einsteinstraat,4 Einsteinstraat,North Holland,2014KS,159,52.36773974028,4.612164531240637,0,Haarlem,,,,,,+31 (0) 30 41 00 887,,,345323.0,25.0,50.0,2.0,17.0,20.0,1.0,NL-GFX-ENTLP007209-2,,,
22,True,2022-10-10T20:18:00Z,206938,4540E353-26BD-4D16-AE8E-C4A4FE87FC4E,1,103.0,1.0,"[{'ID': 344651, 'ConnectionTypeID': 25, 'Reference': 'NLALLEGO0043541', 'StatusTypeID': 50, 'LevelID': 2, 'PowerKW': 22.0, 'CurrentTypeID': 20, 'Quantity': 1}, {'ID': 345370, 'ConnectionTypeID': 25, 'Reference': 'NLALLEGO0043562', 'StatusTypeID': 50, 'LevelID': 2, 'PowerKW': 22.0, 'CurrentTypeID': 20, 'Quantity': 1}, {'ID': 345371, 'ConnectionTypeID': 25, 'Reference': 'NLALLEGO0043561', 'StatusTypeID': 50, 'LevelID': 2, 'PowerKW': 22.0, 'CurrentTypeID': 20, 'Quantity': 1}, {'ID': 345372, 'ConnectionTypeID': 25, 'Reference': 'NLALLEGO0043542', 'StatusTypeID': 50, 'LevelID': 2, 'PowerKW': 22.0, 'CurrentTypeID': 20, 'Quantity': 1}, {'ID': 345373, 'ConnectionTypeID': 25, 'Reference': 'NLALLEGO0043611', 'StatusTypeID': 50, 'LevelID': 2, 'PowerKW': 22.0, 'CurrentTypeID': 20, 'Quantity': 1}, {'ID': 345374, 'ConnectionTypeID': 25, 'Reference': 'NLALLEGO0043582', 'StatusTypeID': 50, 'LevelID': 2, 'PowerKW': 22.0, 'CurrentTypeID': 20, 'Quantity': 1}, {'ID': 345375, 'ConnectionTypeID': 25, 'Reference': 'NLALLEGO0043581', 'StatusTypeID': 50, 'LevelID': 2, 'PowerKW': 22.0, 'CurrentTypeID': 20, 'Quantity': 1}, {'ID': 345376, 'ConnectionTypeID': 25, 'Reference': 'NLALLEGO0043612', 'StatusTypeID': 50, 'LevelID': 2, 'PowerKW': 22.0, 'CurrentTypeID': 20, 'Quantity': 1}, {'ID': 345377, 'ConnectionTypeID': 25, 'Reference': 'NLALLEGO0043591', 'StatusTypeID': 50, 'LevelID': 2, 'PowerKW': 22.0, 'CurrentTypeID': 20, 'Quantity': 1}, {'ID': 345378, 'ConnectionTypeID': 25, 'Reference': 'NLALLEGO0043592', 'StatusTypeID': 50, 'LevelID': 2, 'PowerKW': 22.0, 'CurrentTypeID': 20, 'Quantity': 1}, {'ID': 345379, 'ConnectionTypeID': 25, 'Reference': 'NLALLEGO0043572', 'StatusTypeID': 50, 'LevelID': 2, 'PowerKW': 22.0, 'CurrentTypeID': 20, 'Quantity': 1}, {'ID': 345380, 'ConnectionTypeID': 25, 'Reference': 'NLALLEGO0043571', 'StatusTypeID': 50, 'LevelID': 2, 'PowerKW': 22.0, 'CurrentTypeID': 20, 'Quantity': 1}]",6,50,2022-10-10T20:18:00Z,1,2022-10-08T08:01:00Z,200,207318,Johanna's weg,Johanna's weg,North Holland,1901 NX,159,52.561055179424045,4.636920323230129,0,,,https://smoovapp.eu/,,,,,,,344651.0,25.0,50.0,2.0,22.0,20.0,1.0,NLALLEGO0043541,,,
23,True,2022-10-25T17:29:00Z,204836,2768743F-6912-4980-9EE3-5AE14A5AAB82,1,3574.0,1.0,"[{'ID': 342075, 'ConnectionTypeID': 25, 'Reference': '00302', 'StatusTypeID': 50, 'LevelID': 2, 'PowerKW': 22.0, 'CurrentTypeID': 20, 'Quantity': 2}, {'ID': 342076, 'ConnectionTypeID': 25, 'Reference': '00146', 'StatusTypeID': 50, 'LevelID': 2, 'PowerKW': 22.0, 'CurrentTypeID': 20, 'Quantity': 2}]",2,50,2022-10-25T17:29:00Z,1,2022-10-02T09:59:00Z,200,205203,Shakespeareplein,Shakespeareplein,Utrecht,3533 DA,159,52.088953646361034,5.0900749398151675,0,Utrecht,,https://www.wedrivesolar.nl,€ 0.52/kWh,,,+31(071)-568 19 06,,,342075.0,25.0,50.0,2.0,22.0,20.0,2.0,00302,,,
24,True,2022-10-02T11:45:00Z,204328,24CDBFD8-17F5-47CC-BCD8-B9FA3B8834C3,1,108.0,6.0,"[{'ID': 341395, 'ConnectionTypeID': 2, 'StatusTypeID': 50, 'LevelID': 3, 'PowerKW': 50.0, 'CurrentTypeID': 30, 'Quantity': 1}, {'ID': 341396, 'ConnectionTypeID': 33, 'StatusTypeID': 50, 'LevelID': 3, 'PowerKW': 50.0, 'CurrentTypeID': 30, 'Quantity': 1}, {'ID': 342096, 'ConnectionTypeID': 1036, 'StatusTypeID': 50, 'LevelID': 3, 'PowerKW': 43.0, 'CurrentTypeID': 20, 'Quantity': 1}]",1,50,2022-10-02T11:45:00Z,1,2022-09-27T10:27:00Z,200,204695,McDonald's Parallelweg,Parallelweg,North Holland,1948 NV,159,52.48018978217911,4.666021248274205,0,,In front of the McDonald's.,https://incharge.vattenfall.nl,€0.5014 / kWh,,,+31 (0) 88 363 7991,,,341395.0,2.0,50.0,3.0,50.0,30.0,1.0,,,,
25,False,2022-09-12T09:24:00Z,202500,7D5C607E-3FC4-44C9-8045-01E21AFC6030,1,63.0,1.0,"[{'ID': 338641, 'ConnectionTypeID': 25, 'Reference': 'NL-GFX-EPP004022-1', 'StatusTypeID': 50, 'LevelID': 2, 'Amps': 20, 'Voltage': 230, 'PowerKW': 6.0, 'CurrentTypeID': 10, 'Quantity': 1}, {'ID': 338732, 'ConnectionTypeID': 0, 'Reference': 'NL-GFX-EPP004022-2', 'StatusTypeID': 50, 'LevelID': 2, 'Amps': 20, 'Voltage': 230, 'PowerKW': 6.0, 'CurrentTypeID': 10, 'Quantity': 1}]",1,50,2022-09-12T09:24:00Z,1,2022-09-11T11:45:00Z,200,202867,Nieuwe Kerksplein 16,Nieuwe Kerksplein 16,North Holland,2011 ZT,159,52.37749070088256,4.629442271028097,0,Haarlem,,,,,,,,,338641.0,25.0,50.0,2.0,6.0,10.0,1.0,NL-GFX-EPP004022-1,20.0,230.0,
26,False,2022-09-07T18:21:00Z,202121,203B4AFA-7BEC-4216-ADDF-D450D1FA32AD,1,63.0,1.0,"[{'ID': 337815, 'ConnectionTypeID': 25, 'Reference': 'NL*GFX*EPP002195*1', 'StatusTypeID': 50, 'LevelID': 2, 'Amps': 30, 'Voltage': 230, 'PowerKW': 6.0, 'CurrentTypeID': 10, 'Quantity': 1}, {'ID': 337816, 'ConnectionTypeID': 25, 'Reference': 'NL*GFX*EPP002195*2', 'StatusTypeID': 50, 'LevelID': 2, 'Amps': 30, 'Voltage': 230, 'PowerKW': 6.0, 'CurrentTypeID': 10, 'Quantity': 1}]",1,50,2022-09-07T18:21:00Z,1,2022-09-07T10:21:00Z,200,202488,Stephensonstraat 39,Stephensonstraat 39,North Holland,2014 KB,159,52.369181828691126,4.613651889691823,0,Haarlem,,,,,,,,,337815.0,25.0,50.0,2.0,6.0,10.0,1.0,NL*GFX*EPP002195*1,30.0,230.0,
27,False,2022-09-04T11:17:00Z,201483,ABEFE2A5-906F-4FD8-AB17-9DB38A65C6FA,1,103.0,4.0,"[{'ID': 336200, 'ConnectionTypeID': 25, 'Reference': 'NLALLEGO014481-1', 'StatusTypeID': 50, 'LevelID': 2, 'Amps': 32, 'Voltage': 480, 'PowerKW': 26.6, 'CurrentTypeID': 20, 'Quantity': 2}]",1,50,2022-09-04T11:17:00Z,1,2022-09-01T20:25:00Z,200,201847,Robijnstraat,Robijnstraat,South Holland,2332JL,159,52.15618310880117,4.463912704653239,0,Leiden,,http://www.allego.eu,,,,08003745337,,,336200.0,25.0,50.0,2.0,26.6,20.0,2.0,NLALLEGO014481-1,32.0,480.0,
28,False,2022-09-04T11:18:00Z,201482,A4C6D240-C23B-421C-824C-07FE370651B8,1,103.0,4.0,"[{'ID': 336199, 'ConnectionTypeID': 33, 'Reference': 'NLALLEGO0059691', 'StatusTypeID': 50, 'LevelID': 2, 'Amps': 32, 'Voltage': 480, 'PowerKW': 26.6, 'CurrentTypeID': 20, 'Quantity': 2}]",2,50,2022-09-04T11:18:00Z,1,2022-09-01T20:18:00Z,200,201846,7 Carneoolstraat,7 Carneoolstraat,South Holland,2332KA,159,52.1546048796059,4.460548931738117,0,Leiden,,https://www.allego.eu,.40,,,08003745337,,,336199.0,33.0,50.0,2.0,26.6,20.0,2.0,NLALLEGO0059691,32.0,480.0,
29,False,2022-09-08T15:21:00Z,201301,AF71D9AD-0018-4685-9188-0F44CB854CC4,1,1.0,0.0,"[{'ID': 335771, 'ConnectionTypeID': 25, 'Reference': '03008537', 'StatusTypeID': 50, 'LevelID': 2, 'PowerKW': 7.4, 'CurrentTypeID': 20, 'Quantity': 1}]",1,50,2022-09-08T15:21:00Z,1,2022-08-26T12:12:00Z,200,201664,Stephensonstraat,Stephensonstraat,North Holland,2014 KD,159,52.36994650289088,4.614159016727285,0,Haarlem,,,,,"Not sure if it's actually public. Single parking spot next to a store, but there's no sign indicating private property.",,,,335771.0,25.0,50.0,2.0,7.4,20.0,1.0,03008537,,,
30,False,2022-08-28T19:50:00Z,201300,AAA11413-C7AF-4C51-97EA-78522E7287E3,1,1.0,1.0,"[{'ID': 335770, 'ConnectionTypeID': 25, 'StatusTypeID': 50, 'CurrentTypeID': 20, 'Quantity': 2}]",1,50,2022-08-28T19:50:00Z,1,2022-08-26T12:09:00Z,200,201663,Rutherfordstraat,Rutherfordstraat,North Holland,2014 KA,159,52.370876207248756,4.614198948038165,0,Haarlem,,,,,,,,,335770.0,25.0,50.0,,,20.0,2.0,,,,
31,False,2022-08-12T06:28:00Z,195040,7694A444-92E2-4AF8-8FEB-ED98004AA89D,1,3299.0,1.0,"[{'ID': 317842, 'ConnectionTypeID': 33, 'StatusTypeID': 50, 'LevelID': 3, 'PowerKW': 350.0, 'CurrentTypeID': 30, 'Quantity': 3}]",3,50,2022-08-12T06:28:00Z,1,2022-08-11T23:09:00Z,200,195399,IONITY Mienscheer,"Rijksweg A2 7, Niebert",Groningen,9365 TK,159,53.161647,6.292686,0,Niebert,,,,,,,,,317842.0,33.0,50.0,3.0,350.0,30.0,3.0,,,,
32,False,2022-08-08T09:47:00Z,194587,48967583-C8DC-4C72-9732-DC290E0356F2,1,63.0,1.0,"[{'ID': 317243, 'ConnectionTypeID': 25, 'Reference': 'NL-GFX-EPP004181-1', 'StatusTypeID': 50, 'LevelID': 2, 'PowerKW': 11.0, 'CurrentTypeID': 20, 'Quantity': 1}, {'ID': 317244, 'ConnectionTypeID': 25, 'Reference': 'NL-GFX-EPP004181-2', 'StatusTypeID': 50, 'LevelID': 2, 'PowerKW': 11.0, 'CurrentTypeID': 20, 'Quantity': 1}]",1,50,2022-08-08T09:47:00Z,1,2022-08-07T10:45:00Z,200,194946,Pijlslaan,Pijlslaan,North Holland,2014 TL,159,52.372003720140015,4.611520743119058,0,Haarlem,,,"€0.27 per session, €0.31 per kWh, free parking",,,,,,317243.0,25.0,50.0,2.0,11.0,20.0,1.0,NL-GFX-EPP004181-1,,,
33,True,2022-10-10T11:20:00Z,194583,E68323DF-A400-48DA-8C8C-18CB43D7628D,1,74.0,,"[{'ID': 317231, 'ConnectionTypeID': 33, 'StatusTypeID': 50, 'LevelID': 3, 'PowerKW': 125.0, 'CurrentTypeID': 30, 'Quantity': 2}, {'ID': 317232, 'ConnectionTypeID': 2, 'StatusTypeID': 50, 'LevelID': 3, 'PowerKW': 50.0, 'CurrentTypeID': 30, 'Quantity': 1}]",2,50,2022-10-10T11:20:00Z,1,2022-08-06T23:20:00Z,100,194942,Twaalfmat,Twaalfmat,,1967 PV,159,52.500278047265056,4.702634557778197,0,Heemskerk,"2 stations have only CCS, 2 have CCS and CHAdeMO",http://fastned.nl,https://fastnedcharging.com/nl/tarieven,,,020-7055300,support@fastned.nl,,317231.0,33.0,50.0,3.0,125.0,30.0,2.0,,,,
34,False,2022-08-09T21:07:00Z,194582,BA03A42F-FDA0-4BD3-A9D3-518DBBBF3F2A,1,63.0,1.0,"[{'ID': 317230, 'ConnectionTypeID': 25, 'StatusTypeID': 50, 'LevelID': 2, 'PowerKW': 11.0, 'CurrentTypeID': 20, 'Quantity': 2}]",2,50,2022-08-09T21:07:00Z,1,2022-08-06T23:03:00Z,200,194941,Lorentzkade,Lorentzkade,North Holland,2014 CE,159,52.373997763985926,4.611189696895622,0,Haarlem,,,€0.31 per kWh,,,,,,317230.0,25.0,50.0,2.0,11.0,20.0,2.0,,,,
35,False,2022-08-05T21:57:00Z,194570,FF2CFDAE-0FE3-4387-91E5-A6A1E1F41B5F,1,103.0,4.0,"[{'ID': 317171, 'ConnectionTypeID': 2, 'StatusTypeID': 50, 'LevelID': 3, 'PowerKW': 50.0, 'CurrentTypeID': 30, 'Quantity': 1}, {'ID': 317172, 'ConnectionTypeID': 33, 'StatusTypeID': 50, 'LevelID': 3, 'PowerKW': 50.0, 'CurrentTypeID': 30, 'Quantity': 1}, {'ID': 317173, 'ConnectionTypeID': 1036, 'StatusTypeID': 50, 'LevelID': 2, 'PowerKW': 43.0, 'Quantity': 1}]",1,50,2022-08-05T21:57:00Z,1,2022-08-05T21:57:00Z,200,194929,Botnische golf,Botnische golf,Utrecht,3446XW,159,52.07745826113799,4.904246265408801,0,Woerden,,,,,,,,,317171.0,2.0,50.0,3.0,50.0,30.0,1.0,,,,
36,False,2022-08-03T08:29:00Z,194366,BEE8C11F-8043-4A73-A0BA-9A93A4EEDE74,1,3299.0,1.0,"[{'ID': 316698, 'ConnectionTypeID': 33, 'StatusTypeID': 50, 'LevelID': 3, 'PowerKW': 350.0, 'CurrentTypeID': 30, 'Quantity': 4}]",4,210,2022-08-03T08:29:00Z,1,2022-07-28T22:31:00Z,200,194725,IONITY Sandelingen Oost,A16 highway2952 AD ,,2952 AD,159,24.0,4.620008,0,Hendrik-Ido-Ambacht,,,,,,,,,316698.0,33.0,50.0,3.0,350.0,30.0,4.0,,,,
37,False,2022-07-29T15:55:00Z,194365,D24CBF8C-963D-4B29-9C6A-5ACAE96E61D8,1,3299.0,1.0,"[{'ID': 316697, 'ConnectionTypeID': 33, 'StatusTypeID': 50, 'LevelID': 3, 'PowerKW': 350.0, 'CurrentTypeID': 30, 'Quantity': 4}]",4,50,2022-07-29T15:55:00Z,1,2022-07-28T22:20:00Z,200,194724,IONITY Sandelingen Oost,A16 highway2952 AD ,,2952 AD,159,51.836003,4.620008,0,Hendrik-Ido-Ambacht,,,,,,,,,316697.0,33.0,50.0,3.0,350.0,30.0,4.0,,,,
38,False,2022-07-25T08:55:00Z,194305,CF5EB74E-1022-486F-997C-FC07F0AFA19E,1,3387.0,1.0,"[{'ID': 316548, 'ConnectionTypeID': 25, 'Reference': 'E44374', 'StatusTypeID': 50, 'LevelID': 2, 'Amps': 32, 'Voltage': 400, 'PowerKW': 22.0, 'CurrentTypeID': 20, 'Quantity': 1}, {'ID': 316553, 'ConnectionTypeID': 25, 'Reference': 'E44375', 'StatusTypeID': 50, 'LevelID': 2, 'Amps': 32, 'Voltage': 400, 'PowerKW': 22.0, 'CurrentTypeID': 20, 'Quantity': 1}]",2,50,2022-07-25T08:55:00Z,1,2022-07-24T18:20:00Z,200,194664,Boerderijcamping Zuiderhoeve,Dishoekseweg 28A,Zeeland,4371 NH,159,51.47525081439318,3.541423812603057,0,Koudekerke,,, € 0.36/kWh,,,,,,316548.0,25.0,50.0,2.0,22.0,20.0,1.0,E44374,32.0,400.0,
39,True,2023-01-17T22:54:00Z,194248,846843E5-E307-4981-B778-2CE70709625B,1,3504.0,1.0,"[{'ID': 316427, 'ConnectionTypeID': 33, 'StatusTypeID': 50, 'LevelID': 3, 'Amps': 250, 'PowerKW': 120.0, 'CurrentTypeID': 30, 'Quantity': 6}]",6,50,2023-01-17T22:54:00Z,1,2022-07-21T13:16:00Z,200,194607,LEAP24 Fast Charge Station,1 Industrieweg,Limburg,6163AH,159,50.981218592935164,5.826535347417348,0,Sittard-Geleen,,,€0.71/kWh,,,,,,316427.0,33.0,50.0,3.0,120.0,30.0,6.0,,250.0,,
40,False,2022-08-25T14:53:00Z,194169,104A2B3E-F48D-452C-A1B8-E50B118618CD,1,63.0,4.0,"[{'ID': 316275, 'ConnectionTypeID': 25, 'Reference': 'NL*GFX*EPP001549*1', 'StatusTypeID': 50, 'LevelID': 2, 'Amps': 16, 'Voltage': 400, 'PowerKW': 11.0, 'CurrentTypeID': 20, 'Quantity': 1}, {'ID': 316298, 'ConnectionTypeID': 25, 'Reference': 'NL*GFX*EPP001549*2', 'StatusTypeID': 50, 'LevelID': 2, 'Amps': 16, 'Voltage': 400, 'PowerKW': 11.0, 'CurrentTypeID': 20, 'Quantity': 1}]",2,50,2022-08-25T14:53:00Z,1,2022-07-17T07:48:00Z,200,194528,Lorentzkade 192,Lorentzkade 192,North Holland,2014 CE,159,52.37385749804912,4.611194772672775,0,Haarlem,,https://services.totalenergies.nl,€0.31 per kWh,,,+31 30 410 0887,elektrischrijden@totalenergies.com,,316275.0,25.0,50.0,2.0,11.0,20.0,1.0,NL*GFX*EPP001549*1,16.0,400.0,
41,False,2022-07-14T15:29:00Z,194027,FC60351C-7EEE-445F-A6D4-914C9FE1386B,1,23.0,1.0,[],24,50,2022-07-14T15:29:00Z,1,2022-07-11T15:26:00Z,200,194386,Slakweg,Slakweg,Limburg,6228,159,50.81612219964967,5.725457854811339,0,Maastricht,,,,,,,,,,,,,,,,,,,
42,False,2022-07-14T12:49:00Z,193988,9E012E0D-65F5-4E82-8BD5-BC7B52D764B1,1,1.0,6.0,[],1,50,2022-07-14T12:49:00Z,1,2022-07-11T12:44:00Z,200,194347,Klappermanstraat,Klappermanstraat,North Brabant,5554EM,159,51.3478214,5.4650453,0,,,,,,,7714981255,mlarchbank@hotmail.com,,,,,,,,,,,,
43,True,2023-01-17T22:54:00Z,193861,8F103F63-FC6E-4CA4-9CBB-F9C29B2276A6,1,3504.0,1.0,"[{'ID': 315642, 'ConnectionTypeID': 33, 'StatusTypeID': 50, 'LevelID': 3, 'Amps': 250, 'Voltage': 1000, 'PowerKW': 120.0, 'CurrentTypeID': 30, 'Quantity': 7}]",7,50,2023-01-17T22:54:00Z,1,2022-07-04T12:13:00Z,200,194220,Reyerdijk LEAP24 Snellaadstation,Reyerdijk 110,Zuid Holland,3079,159,51.88148057397515,4.542689376008184,0,Rotterdam,Vans fit on parking bays,http://leap24.eu,€0.71/kWh incl. VAT,,,,,,315642.0,33.0,50.0,3.0,120.0,30.0,7.0,,250.0,1000.0,
44,False,2022-06-06T12:10:00Z,193379,F5C03586-4AB4-455E-9629-3E7C08BAA86D,1,1.0,4.0,"[{'ID': 314565, 'ConnectionTypeID': 2, 'StatusTypeID': 50, 'LevelID': 3, 'PowerKW': 50.0, 'CurrentTypeID': 30, 'Quantity': 1}, {'ID': 314566, 'ConnectionTypeID': 33, 'StatusTypeID': 50, 'LevelID': 3, 'PowerKW': 50.0, 'CurrentTypeID': 30, 'Quantity': 1}]",1,50,2022-06-06T12:10:00Z,1,2022-06-06T08:58:00Z,200,193738,31 Hoofdstraat,31 Hoofdstraat,Gelderland,7213CP,159,52.1982121,6.199734,0,Gorssel,Near church Gorssel,,,,,,,,314565.0,2.0,50.0,3.0,50.0,30.0,1.0,,,,
45,False,2022-06-06T08:01:00Z,193375,AEC834D6-D363-4E12-B719-4FAE1C6E7B1B,1,1.0,4.0,"[{'ID': 314558, 'ConnectionTypeID': 33, 'StatusTypeID': 50, 'LevelID': 3, 'Amps': 250, 'PowerKW': 150.0, 'CurrentTypeID': 30, 'Quantity': 2}]",1,50,2022-06-06T08:01:00Z,1,2022-06-05T18:50:00Z,200,193734,Shell Tatelaar Didam,Tatelaarweg 21,Gelderland,6941RB,159,51.93702950683783,6.105900472739108,0,Didam,Shell tatelaar cafe,http://ww.tatelaar.nl,"0,69",,,0031316294322,,0031316294322,314558.0,33.0,50.0,3.0,150.0,30.0,2.0,,250.0,,
46,False,2022-06-06T08:52:00Z,193365,0F0ABCDC-93A6-46DE-A4A1-FAA0D5423ED8,1,47.0,1.0,"[{'ID': 314544, 'ConnectionTypeID': 25, 'StatusTypeID': 50, 'LevelID': 2, 'Amps': 16, 'Voltage': 400, 'PowerKW': 11.0, 'CurrentTypeID': 20, 'Quantity': 6}]",6,50,2022-06-06T08:52:00Z,1,2022-06-04T11:24:00Z,200,193724,26-t Boschlaan,26-t Boschlaan,Gelderland,7131RE,159,52.007904406939105,6.555560897646046,0,Oost Gelre,,http://www.powergo.nl,€ 0.35/kWh,,,0844300038,,+31 (0) 411 74 50 20,314544.0,25.0,50.0,2.0,11.0,20.0,6.0,,16.0,400.0,
47,False,2022-05-27T08:53:00Z,193248,10E4C5F1-D089-4640-8479-3A2087BD10C3,1,1.0,4.0,"[{'ID': 314328, 'ConnectionTypeID': 25, 'StatusTypeID': 50, 'LevelID': 2, 'Amps': 16, 'Voltage': 230, 'PowerKW': 11.0, 'CurrentTypeID': 20, 'Quantity': 2}]",1,50,2022-05-27T08:53:00Z,1,2022-05-25T15:27:00Z,200,193607,Frans Verpoortenstraat Spaarndam,Frans Verpoortenstraat 3,North Holland,2064LX,159,52.41261361874487,4.6894929669294925,0,Spaarndam,,,,2064 LX,,,,,314328.0,25.0,50.0,2.0,11.0,20.0,2.0,,16.0,230.0,
48,False,2022-05-27T08:53:00Z,193247,7595BED2-B558-46FF-A290-F75236C0EDAC,1,1.0,4.0,"[{'ID': 314327, 'ConnectionTypeID': 25, 'StatusTypeID': 50, 'LevelID': 2, 'Amps': 16, 'Voltage': 230, 'PowerKW': 17.0, 'CurrentTypeID': 20, 'Quantity': 2}]",1,50,2022-05-27T08:53:00Z,1,2022-05-25T15:25:00Z,200,193606,Westhoff 95 Spaarndam ,Westhoff 95,North Holland,2064WC,159,52.413823848322096,4.692106920008882,0,Spaarndam,,,,2064 WC Spaarndam ,,,,,314327.0,25.0,50.0,2.0,17.0,20.0,2.0,,16.0,230.0,
49,False,2022-05-06T20:23:00Z,192942,4C5DAB62-D6A0-415B-A345-CA65F08D056C,1,1.0,5.0,"[{'ID': 313647, 'ConnectionTypeID': 25, 'StatusTypeID': 50, 'LevelID': 2, 'PowerKW': 11.0, 'Quantity': 2}]",2,50,2022-05-06T20:23:00Z,1,2022-05-05T22:40:00Z,200,193301,Aaltje Noordewierlaan 12,Aaltje Noordewierlaan 12,Nordholland,1403JC,159,52.26612194182354,5.183866416416777,0,Bussum,,,,,,,,,313647.0,25.0,50.0,2.0,11.0,,2.0,,,,
50,False,2022-05-06T14:34:00Z,192905,95DB7A6A-1452-49EC-A030-E5A568579F22,1,,,[],0,50,2022-05-06T14:34:00Z,1,2022-05-03T14:32:00Z,200,193264,Egel,Egel,North Brabant,5509RM,159,51.43320684103659,5.399156716910397,0,,,,,,,,,,,,,,,,,,,,
51,False,2022-05-01T12:27:00Z,192799,057729E6-55AA-4021-8FBE-CB72F67B3AD2,1,1.0,4.0,"[{'ID': 313416, 'ConnectionTypeID': 25, 'StatusTypeID': 50, 'LevelID': 2, 'PowerKW': 22.0, 'CurrentTypeID': 10, 'Quantity': 1, 'Comments': 'at Coroos conserv company'}]",1,50,2022-05-01T12:27:00Z,1,2022-04-29T16:59:00Z,200,193158,Middenweg,Middenweg,Zeeland,4421JG,159,51.47255496048646,3.969291790664556,0,Kapelle,,,,,,,,,313416.0,25.0,50.0,2.0,22.0,10.0,1.0,,,,at Coroos conserv company
52,True,2023-02-13T21:02:00Z,192609,101E0097-A5BE-43E2-887A-AC351205D457,1,47.0,4.0,"[{'ID': 313008, 'ConnectionTypeID': 25, 'StatusTypeID': 50, 'LevelID': 2, 'Amps': 12, 'Voltage': 400, 'PowerKW': 7.0, 'CurrentTypeID': 20, 'Quantity': 1}]",1,50,2023-02-13T21:02:00Z,1,2022-04-18T12:00:00Z,200,192968,de Kerentuin 20,de Kerentuin 20,Gelderland,6658WK,159,51.88218652825981,5.519846062022907,0,West Maas en Waal,,,"0,60/kWh",,,,,,313008.0,25.0,50.0,2.0,7.0,20.0,1.0,,12.0,400.0,
53,False,2022-04-20T16:25:00Z,192595,F83DF058-0586-43D6-BD82-DB8C38C7831D,1,74.0,1.0,"[{'ID': 312987, 'ConnectionTypeID': 33, 'StatusTypeID': 50, 'LevelID': 3, 'PowerKW': 300.0, 'CurrentTypeID': 30, 'Quantity': 4}, {'ID': 312988, 'ConnectionTypeID': 2, 'StatusTypeID': 50, 'LevelID': 2, 'PowerKW': 50.0, 'Quantity': 2}]",4,50,2022-04-20T16:25:00Z,1,2022-04-17T22:35:00Z,200,192954,FastNed Dekkersland,Dekkersland A28,,7951 DH,159,52.62403274801221,6.208360886758413,0,Staphorst,,,"0,86 without membership, 0,45 with membership",,,,,,312987.0,33.0,50.0,3.0,300.0,30.0,4.0,,,,
54,False,2022-04-20T09:43:00Z,192594,182F6818-C7C9-4786-A86A-D534B99796D1,1,74.0,1.0,"[{'ID': 312985, 'ConnectionTypeID': 33, 'StatusTypeID': 50, 'LevelID': 3, 'PowerKW': 300.0, 'CurrentTypeID': 30, 'Quantity': 4}, {'ID': 312986, 'ConnectionTypeID': 2, 'StatusTypeID': 50, 'LevelID': 2, 'PowerKW': 50.0, 'Quantity': 2}]",1,50,2022-04-20T09:43:00Z,1,2022-04-17T22:30:00Z,200,192953,Fastned Paardeweide,Paardeweide A32,,7948 LH,159,52.75153539954195,6.189469149620919,0,Darp,,,"0,86 without membership, 0,45 with membership",,,,,,312985.0,33.0,50.0,3.0,300.0,30.0,4.0,,,,
55,True,2023-01-17T22:54:00Z,192549,5806EBD3-2FA6-4F30-8853-D8B8EC1C5398,1,3504.0,1.0,"[{'ID': 312877, 'ConnectionTypeID': 33, 'Reference': 'LEAP24.eu', 'StatusTypeID': 50, 'LevelID': 3, 'Amps': 250, 'PowerKW': 120.0, 'CurrentTypeID': 30, 'Quantity': 4}]",4,50,2023-01-17T22:54:00Z,1,2022-04-12T13:54:00Z,200,192908,LEAP 24 Fast Charging Station - Almere Transistorstraat,Transistorstraat,Flevoland,1322CK,159,52.34607107001267,5.178145318981848,0,Almere,costs are VAT included,https://www.leap24.eu,€0.71/kWh incl. VAT,,Between Schattepatat and Garagepark,,,,312877.0,33.0,50.0,3.0,120.0,30.0,4.0,LEAP24.eu,250.0,,
56,False,2022-04-11T06:54:00Z,192503,75C50190-3A1B-4332-86CA-C391356AADAC,1,74.0,1.0,"[{'ID': 312790, 'ConnectionTypeID': 33, 'StatusTypeID': 50, 'LevelID': 3, 'PowerKW': 300.0, 'CurrentTypeID': 30, 'Quantity': 4}, {'ID': 312791, 'ConnectionTypeID': 2, 'StatusTypeID': 50, 'LevelID': 2, 'PowerKW': 50.0, 'Quantity': 2}]",4,50,2022-04-11T06:54:00Z,1,2022-04-10T15:15:00Z,200,192862,FastNed Bovenboer,Rijksweg A32,Drenthe,7973KT,159,52.753472323568644,6.186789231245712,0,Darp,,,"0,86 without membership, 0,45 with membership",,,,,,312790.0,33.0,50.0,3.0,300.0,30.0,4.0,,,,
57,False,2022-04-06T22:19:00Z,192439,BC88010C-296D-48B1-A222-D959B847C318,1,103.0,1.0,"[{'ID': 312635, 'ConnectionTypeID': 25, 'StatusTypeID': 50, 'LevelID': 2, 'Amps': 16, 'PowerKW': 11.0, 'CurrentTypeID': 20, 'Quantity': 2}]",2,50,2022-04-06T22:19:00Z,1,2022-04-03T22:14:00Z,200,192798,Allego Zwaluwstraat 15,Zwaluwstraat 15,Zuid-Holland,3145NG,159,51.93141936867795,4.238358198599883,0,Maassluis,,,"€0,39 kW/h",,,,,,312635.0,25.0,50.0,2.0,11.0,20.0,2.0,,16.0,,
58,False,2022-04-06T21:49:00Z,192438,F87CAFB4-D029-4753-9707-E292ED9D6278,1,74.0,1.0,"[{'ID': 312634, 'ConnectionTypeID': 33, 'StatusTypeID': 50, 'LevelID': 3, 'PowerKW': 300.0, 'CurrentTypeID': 30, 'Quantity': 4}]",4,50,2022-04-06T21:49:00Z,1,2022-04-03T21:46:00Z,200,192797,Fastned Peulwijk-Oost,Rijksweg A4,Zuid-Holland,2635BW,159,52.00917951726262,4.312016522762235,0,Den Hoorn,,,,,,,,,312634.0,33.0,50.0,3.0,300.0,30.0,4.0,,,,
59,False,2022-04-06T21:44:00Z,192437,74191846-9132-4229-9F74-E5749C3F2D25,1,74.0,1.0,"[{'ID': 312632, 'ConnectionTypeID': 33, 'StatusTypeID': 50, 'LevelID': 3, 'PowerKW': 300.0, 'CurrentTypeID': 30, 'Quantity': 10}, {'ID': 312633, 'ConnectionTypeID': 2, 'StatusTypeID': 50, 'LevelID': 3, 'PowerKW': 50.0, 'CurrentTypeID': 30, 'Quantity': 2}]",10,50,2022-04-06T21:44:00Z,1,2022-04-03T21:40:00Z,200,192796,Fastned Hogenhoorn,Hogenhoorn 3,Zuid-Holland,2635 BZ,159,52.01195360295989,4.315466804741391,0,Den Hoorn,,,,,,,,,312632.0,33.0,50.0,3.0,300.0,30.0,10.0,,,,
60,False,2022-04-02T04:10:00Z,192339,7BC34EE6-5499-4F51-A08A-BC3164D47B35,1,1.0,1.0,"[{'ID': 312483, 'ConnectionTypeID': 33, 'StatusTypeID': 50, 'LevelID': 2, 'Amps': 16, 'Voltage': 230, 'PowerKW': 11.0, 'CurrentTypeID': 20, 'Quantity': 1, 'Comments': 'fixed cable'}]",1,50,2022-04-02T04:10:00Z,1,2022-03-30T13:39:00Z,200,192698,van Eerbeeklaan 2,van Eerbeeklaan 2,Noord-Holland,1422GG,159,52.24550215072222,4.829777348453177,0,Uithoorn,,,,,,,,,312483.0,33.0,50.0,2.0,11.0,20.0,1.0,,16.0,230.0,fixed cable
61,False,2022-02-21T22:09:00Z,191685,006EEA5F-8258-4179-AC33-4EB27C157A78,1,1.0,4.0,"[{'ID': 311293, 'ConnectionTypeID': 25, 'StatusTypeID': 50, 'LevelID': 2, 'Amps': 16, 'Voltage': 400, 'PowerKW': 11.0, 'CurrentTypeID': 20, 'Quantity': 2}]",2,50,2022-02-21T22:09:00Z,1,2022-02-21T09:15:00Z,200,192044,Platanenlaan 12,Platanenlaan 12,Noord-Holland,1394 JR,159,52.25009579068714,5.046898739448807,0,Nederhorst den Berg,,,,,,,,,311293.0,25.0,50.0,2.0,11.0,20.0,2.0,,16.0,400.0,
62,False,2022-02-22T08:20:00Z,191683,F9A89AA7-6DF3-4206-9E8B-8C67AA1090AD,1,45.0,6.0,"[{'ID': 311291, 'ConnectionTypeID': 25, 'StatusTypeID': 50, 'LevelID': 2, 'Amps': 16, 'Voltage': 400, 'PowerKW': 11.0, 'CurrentTypeID': 20, 'Quantity': 5}]",5,50,2022-02-22T08:20:00Z,1,2022-02-20T22:53:00Z,200,192042,5 Goeseelsstraat,5 Goeseelsstraat,North Brabant,4817MV,159,51.59475608450231,4.797436275629025,0,Breda,,,,,,,,,311291.0,25.0,50.0,2.0,11.0,20.0,5.0,,16.0,400.0,
63,False,2022-02-07T08:54:00Z,191365,E7FF6AE2-F8C2-4F06-9676-810854CA488F,1,38.0,1.0,"[{'ID': 310649, 'ConnectionTypeID': 2, 'StatusTypeID': 50, 'LevelID': 3, 'Amps': 120, 'Voltage': 400, 'PowerKW': 50.0, 'CurrentTypeID': 30, 'Quantity': 1}, {'ID': 310650, 'ConnectionTypeID': 33, 'StatusTypeID': 50, 'LevelID': 3, 'Amps': 120, 'Voltage': 400, 'PowerKW': 50.0, 'CurrentTypeID': 30, 'Quantity': 1}, {'ID': 310651, 'ConnectionTypeID': 1036, 'StatusTypeID': 50, 'LevelID': 3, 'PowerKW': 43.0, 'CurrentTypeID': 20, 'Quantity': 1, 'Comments': ''}]",2,50,2022-02-07T08:54:00Z,1,2022-02-07T08:54:00Z,200,191724,Lidl - Woerden,Lepellaan 1,UTRECHT,,159,52.0815342436093,4.8763468008691575,0,Woerden,"FREE for Shoppers, 30 minutes. ",,0,,,,,,310649.0,2.0,50.0,3.0,50.0,30.0,1.0,,120.0,400.0,
64,False,2021-12-29T14:57:00Z,190860,29C2D400-F957-4E36-8069-B4416ABDBA3F,1,103.0,4.0,"[{'ID': 309557, 'ConnectionTypeID': 0, 'StatusTypeID': 50, 'LevelID': 2, 'Amps': 16, 'Voltage': 400, 'PowerKW': 11.0, 'CurrentTypeID': 20, 'Quantity': 2}]",2,50,2021-12-29T14:57:00Z,1,2021-12-28T19:07:00Z,200,191219,Martinetsingel,Martinetsingel,Gelderland,7201DZ,159,52.139127107971944,6.198663242153316,0,Zutphen,,,,,,,,,309557.0,0.0,50.0,2.0,11.0,20.0,2.0,,16.0,400.0,
65,False,2021-12-29T14:58:00Z,190859,CF7FA27E-7D98-42F0-A4E6-B870D890109A,1,3387.0,4.0,"[{'ID': 309556, 'ConnectionTypeID': 25, 'StatusTypeID': 50, 'LevelID': 2, 'Amps': 32, 'Voltage': 400, 'PowerKW': 22.0, 'CurrentTypeID': 20, 'Quantity': 12}]",12,50,2021-12-29T14:58:00Z,1,2021-12-28T19:05:00Z,200,191218,45 Zijlvest,Zijlvest 45,North Holland,2011VB,159,52.38162773568132,4.629299343716525,0,Haarlem,Inside parking garage,,,,,,,,309556.0,25.0,50.0,2.0,22.0,20.0,12.0,,32.0,400.0,
66,False,2021-12-29T15:01:00Z,190858,0691509F-69E8-4F0B-B6DD-E2B81CAC1E6A,1,73.0,4.0,"[{'ID': 309555, 'ConnectionTypeID': 25, 'Reference': 'EVB-P2004138', 'StatusTypeID': 50, 'LevelID': 2, 'Amps': 16, 'Voltage': 400, 'PowerKW': 11.0, 'CurrentTypeID': 20, 'Quantity': 1}]",1,50,2021-12-29T15:01:00Z,1,2021-12-28T19:00:00Z,200,191217,Johan de Wittstraat 3,Johan de Wittstraat 3,South Holland,2242LB,159,52.142832881845806,4.396562071018252,0,Wassenaar,,,,,,,,,309555.0,25.0,50.0,2.0,11.0,20.0,1.0,EVB-P2004138,16.0,400.0,
67,False,2021-12-29T15:03:00Z,190857,47493C76-B424-4172-8489-C5C5EF1A43CC,1,63.0,4.0,"[{'ID': 309554, 'ConnectionTypeID': 25, 'Reference': '05b16ccf-d8f8-44fe-8efb-7915f8750795', 'StatusTypeID': 50, 'LevelID': 2, 'Amps': 16, 'Voltage': 400, 'PowerKW': 11.0, 'CurrentTypeID': 20, 'Quantity': 2}]",2,50,2021-12-29T15:03:00Z,1,2021-12-28T18:58:00Z,200,191216,Koorstraat,Koorstraat,North Holland,2012GP,159,52.37612866380192,4.6232540415333006,0,Haarlem,,,,,,,,,309554.0,25.0,50.0,2.0,11.0,20.0,2.0,05b16ccf-d8f8-44fe-8efb-7915f8750795,16.0,400.0,
68,False,2022-08-18T14:40:00Z,190856,836DA649-A065-4188-A7ED-08A3853D970D,1,63.0,4.0,"[{'ID': 309553, 'ConnectionTypeID': 25, 'Reference': '38dfb187-8c7e-4996-9ded-b67adf8c7524', 'StatusTypeID': 50, 'LevelID': 2, 'Amps': 32, 'Voltage': 400, 'PowerKW': 22.0, 'CurrentTypeID': 20, 'Quantity': 2}, {'ID': 319675, 'ConnectionTypeID': 25, 'StatusTypeID': 50, 'LevelID': 2, 'CurrentTypeID': 20, 'Quantity': 2}]",2,50,2022-08-18T14:40:00Z,1,2021-12-28T18:56:00Z,200,191215,Westerstraat,Westerstraat,North Holland,2013PN,159,52.38002741031801,4.617947970403748,0,Haarlem,,,,,,,,,309553.0,25.0,50.0,2.0,22.0,20.0,2.0,38dfb187-8c7e-4996-9ded-b67adf8c7524,32.0,400.0,
69,False,2021-12-29T15:24:00Z,190855,2B325EEA-7B28-4193-92AF-143085972AE1,1,63.0,4.0,"[{'ID': 309552, 'ConnectionTypeID': 25, 'Reference': '6a4ec87f-a6d6-400a-aece-4e7ec64beb8f', 'StatusTypeID': 50, 'LevelID': 2, 'Amps': 16, 'Voltage': 400, 'PowerKW': 11.0, 'CurrentTypeID': 20, 'Quantity': 2}]",2,50,2021-12-29T15:24:00Z,1,2021-12-28T18:55:00Z,200,191214,Leidseplein 5,Leidseplein 5,North Holland,2013PV,159,52.37936273410284,4.624896923061669,0,Haarlem,,,,,,,,,309552.0,25.0,50.0,2.0,11.0,20.0,2.0,6a4ec87f-a6d6-400a-aece-4e7ec64beb8f,16.0,400.0,
70,False,2021-12-29T15:25:00Z,190854,0124B77E-45A9-4C32-AE49-26E655C05CF9,1,63.0,4.0,"[{'ID': 309551, 'ConnectionTypeID': 25, 'StatusTypeID': 50, 'LevelID': 2, 'Amps': 16, 'Voltage': 400, 'PowerKW': 11.0, 'CurrentTypeID': 20, 'Quantity': 2}]",2,50,2021-12-29T15:25:00Z,1,2021-12-28T18:53:00Z,200,191213,Leidsevaart,Leidsevaart,North Holland,2013HC,159,52.379180705342606,4.6255161386943655,0,Haarlem,,,,,,,,,309551.0,25.0,50.0,2.0,11.0,20.0,2.0,,16.0,400.0,
71,False,2021-12-29T15:26:00Z,190853,97FE51C3-D124-4890-801C-62EA4524817B,1,63.0,4.0,"[{'ID': 309550, 'ConnectionTypeID': 25, 'StatusTypeID': 50, 'LevelID': 2, 'Amps': 16, 'Voltage': 400, 'PowerKW': 11.0, 'CurrentTypeID': 20, 'Quantity': 2}]",2,50,2021-12-29T15:26:00Z,1,2021-12-28T18:51:00Z,200,191212,Emmaplein 44,Emmaplein 44,North Holland,2014XK,159,52.37615398667208,4.620922324279832,0,Haarlem,,,,,,,,,309550.0,25.0,50.0,2.0,11.0,20.0,2.0,,16.0,400.0,
72,False,2021-12-31T18:54:00Z,190852,53997AA1-7C15-4CAA-832F-0919D759D4AA,1,3447.0,1.0,"[{'ID': 309549, 'ConnectionTypeID': 0, 'StatusTypeID': 50, 'LevelID': 2, 'PowerKW': 11.0}]",2,50,2021-12-31T18:54:00Z,1,2021-12-28T18:46:00Z,200,191211,Oranjeboomstraat 192,Oranjeboomstraat 192,Noord-Holland,2013WD,159,52.3784293311314,4.621668786092414,0,Haarlem,,,,,,,,,309549.0,0.0,50.0,2.0,11.0,,,,,,
73,False,2021-12-25T14:46:00Z,190800,BD05C762-CA64-4F49-B045-784B48AD09E4,1,69.0,1.0,"[{'ID': 309440, 'ConnectionTypeID': 25, 'StatusTypeID': 50, 'LevelID': 2, 'PowerKW': 22.0, 'CurrentTypeID': 20, 'Quantity': 2}, {'ID': 309441, 'ConnectionTypeID': 25, 'StatusTypeID': 50, 'LevelID': 2, 'PowerKW': 7.0, 'CurrentTypeID': 10, 'Quantity': 2}]",4,50,2021-12-25T14:46:00Z,1,2021-12-25T14:46:00Z,200,191159,Kloosterhof 1 Malden,Kloosterhof 1,Gelderland,6581WL,159,51.78351485299547,5.853117655653705,0,Heumen,,,,,,,,,309440.0,25.0,50.0,2.0,22.0,20.0,2.0,,,,
74,False,2021-12-25T09:43:00Z,190786,B7964B4D-F380-44FB-86D2-EF1024DE0382,1,103.0,4.0,"[{'ID': 309412, 'ConnectionTypeID': 25, 'StatusTypeID': 50, 'LevelID': 2, 'Amps': 16, 'Voltage': 400, 'PowerKW': 11.0, 'CurrentTypeID': 20, 'Quantity': 2}]",2,50,2021-12-25T09:43:00Z,1,2021-12-23T12:58:00Z,200,191145, Allego (NL) - 2 Beelen - Tolbert,Beelen 2,Groningen,9356 CA,159,53.16617235219772,6.365452206876483,0,Tolbert,,,,,,,,,309412.0,25.0,50.0,2.0,11.0,20.0,2.0,,16.0,400.0,
75,False,2021-12-19T21:24:00Z,190742,69729E32-FF5F-448D-938E-8A46CA11E8A2,1,1.0,4.0,"[{'ID': 309336, 'ConnectionTypeID': 25, 'StatusTypeID': 50, 'LevelID': 2, 'Amps': 16, 'Voltage': 230, 'PowerKW': 11.0, 'CurrentTypeID': 20, 'Quantity': 2}]",1,50,2021-12-19T21:24:00Z,1,2021-12-19T12:50:00Z,200,191101,1A Maliestraat,1A Maliestraat,Utrecht,3581SH,159,52.09439885061656,5.13682600351558,0,Utrecht,,,,,,,,,309336.0,25.0,50.0,2.0,11.0,20.0,2.0,,16.0,230.0,
76,False,2021-12-19T21:24:00Z,190741,C6E392CB-8BA2-4D1C-9F5D-C42D5C139064,1,1.0,4.0,"[{'ID': 309335, 'ConnectionTypeID': 25, 'StatusTypeID': 50, 'LevelID': 2, 'Amps': 16, 'Voltage': 230, 'PowerKW': 11.0, 'CurrentTypeID': 20, 'Quantity': 2}]",1,50,2021-12-19T21:24:00Z,1,2021-12-19T12:50:00Z,200,191100,Partou Kinderopvang,Partou Kinderopvang,Utrecht,3581ET,159,52.09460183680176,5.137383584372742,0,Utrecht,,,,,,,,,309335.0,25.0,50.0,2.0,11.0,20.0,2.0,,16.0,230.0,
77,False,2021-12-19T21:24:00Z,190740,85DD74F8-33E0-4E40-99CD-D0039A7B9C7B,1,1.0,4.0,"[{'ID': 309334, 'ConnectionTypeID': 25, 'StatusTypeID': 50, 'LevelID': 2, 'Amps': 16, 'Voltage': 230, 'PowerKW': 11.0, 'CurrentTypeID': 20, 'Quantity': 2}]",1,50,2021-12-19T21:24:00Z,1,2021-12-19T12:48:00Z,200,191099,2 Johan de Wittstraat,2 Johan de Wittstraat,Utrecht,3581XX,159,52.08747062866928,5.1294540610476815,0,Utrecht,,,,,,,,,309334.0,25.0,50.0,2.0,11.0,20.0,2.0,,16.0,230.0,
78,False,2021-12-19T21:25:00Z,190739,399A56CB-BF57-4BE3-BE25-8322719D9A0E,1,1.0,4.0,"[{'ID': 309333, 'ConnectionTypeID': 25, 'StatusTypeID': 50, 'LevelID': 2, 'Amps': 16, 'Voltage': 230, 'PowerKW': 11.0, 'CurrentTypeID': 20, 'Quantity': 2}]",1,50,2021-12-19T21:25:00Z,1,2021-12-19T12:48:00Z,200,191098,50 Maliesingel,50 Maliesingel,Utrecht,3581BN,159,52.08681383473356,5.12965218031195,0,Utrecht,,,,,,,,,309333.0,25.0,50.0,2.0,11.0,20.0,2.0,,16.0,230.0,
79,False,2021-12-19T21:25:00Z,190738,400F9DB4-48C8-4D21-A366-349E9F5E73C6,1,1.0,4.0,"[{'ID': 309332, 'ConnectionTypeID': 25, 'StatusTypeID': 50, 'LevelID': 2, 'Amps': 16, 'Voltage': 230, 'PowerKW': 11.0, 'CurrentTypeID': 20, 'Quantity': 2}]",1,50,2021-12-19T21:25:00Z,1,2021-12-19T12:45:00Z,200,191097,146-BS Frederik Hendrikstraat,146-BS Frederik Hendrikstraat,Utrecht,3583VS,159,52.08753185131545,5.144907961435706,0,Utrecht,,,,,,,,,309332.0,25.0,50.0,2.0,11.0,20.0,2.0,,16.0,230.0,
80,False,2021-12-19T21:25:00Z,190737,5807B867-D0B9-4905-BD95-89CD52639D44,1,1.0,4.0,"[{'ID': 309331, 'ConnectionTypeID': 25, 'StatusTypeID': 50, 'LevelID': 2, 'Amps': 16, 'Voltage': 230, 'PowerKW': 11.0, 'CurrentTypeID': 20, 'Quantity': 2}]",1,50,2021-12-19T21:25:00Z,1,2021-12-19T12:44:00Z,200,191096,Frederik Hendrikstraat,Frederik Hendrikstraat,Utrecht,3583VN,159,52.0893326912462,5.144997951445703,0,Utrecht,,,,,,,,,309331.0,25.0,50.0,2.0,11.0,20.0,2.0,,16.0,230.0,
81,False,2021-12-19T21:25:00Z,190736,C8C7BD55-7825-4B4C-9025-71387A9A4866,1,1.0,4.0,"[{'ID': 309330, 'ConnectionTypeID': 25, 'StatusTypeID': 50, 'LevelID': 2, 'Amps': 16, 'Voltage': 230, 'PowerKW': 11.0, 'CurrentTypeID': 20, 'Quantity': 2}]",1,50,2021-12-19T21:25:00Z,1,2021-12-19T12:44:00Z,200,191095,Dillenburgstraat,Dillenburgstraat,Utrecht,3583VC,159,52.08933791435135,5.144052165853964,0,Utrecht,,,,,,,,,309330.0,25.0,50.0,2.0,11.0,20.0,2.0,,16.0,230.0,
82,False,2021-12-19T21:25:00Z,190735,B2732172-F1C2-4135-836D-8F962CCEF7FD,1,1.0,4.0,"[{'ID': 309329, 'ConnectionTypeID': 25, 'StatusTypeID': 50, 'LevelID': 2, 'Amps': 16, 'Voltage': 230, 'PowerKW': 11.0, 'CurrentTypeID': 20, 'Quantity': 2}]",1,50,2021-12-19T21:25:00Z,1,2021-12-19T12:43:00Z,200,191094,Frederik Hendrikstraat,Frederik Hendrikstraat,Utrecht,3583VV,159,52.09133977918398,5.144411430434616,0,Utrecht,,,,,,,,,309329.0,25.0,50.0,2.0,11.0,20.0,2.0,,16.0,230.0,
83,False,2021-12-19T21:25:00Z,190734,017EF5B4-F08A-4930-9B20-88172B943555,1,1.0,4.0,"[{'ID': 309328, 'ConnectionTypeID': 25, 'StatusTypeID': 50, 'LevelID': 2, 'Amps': 16, 'Voltage': 230, 'PowerKW': 11.0, 'CurrentTypeID': 20, 'Quantity': 2}]",1,50,2021-12-19T21:25:00Z,1,2021-12-19T12:43:00Z,200,191093,22 Johan Willem Frisostraat,22 Johan Willem Frisostraat,Utrecht,3583JT,159,52.091211258387716,5.14362166824526,0,Utrecht,,,,,,,,,309328.0,25.0,50.0,2.0,11.0,20.0,2.0,,16.0,230.0,
84,False,2021-12-19T21:25:00Z,190733,53896F5E-DB3D-4405-A036-8693C3417C39,1,1.0,4.0,"[{'ID': 309327, 'ConnectionTypeID': 25, 'StatusTypeID': 50, 'LevelID': 2, 'Amps': 16, 'Voltage': 230, 'PowerKW': 11.0, 'CurrentTypeID': 20, 'Quantity': 2}]",1,50,2021-12-19T21:25:00Z,1,2021-12-19T12:43:00Z,200,191092,Johan Willem Frisostraat,Johan Willem Frisostraat,Utrecht,3583JR,159,52.09091765343223,5.1426455651408105,0,Utrecht,,,,,,,,,309327.0,25.0,50.0,2.0,11.0,20.0,2.0,,16.0,230.0,
85,False,2021-12-19T21:25:00Z,190732,05963D16-C0FA-4E91-A905-E2D25F0EDC7A,1,1.0,4.0,"[{'ID': 309326, 'ConnectionTypeID': 0, 'StatusTypeID': 50}]",1,50,2021-12-19T21:25:00Z,1,2021-12-19T12:40:00Z,200,191091,Stolberglaan,Stolberglaan,Utrecht,3583HN,159,52.09156927028508,5.142013335418824,0,Utrecht,,,,,,,,,309326.0,0.0,50.0,,,,,,,,
86,False,2021-12-19T21:25:00Z,190731,B1AB24C7-FC0A-43A9-B4BC-DBB54388A21D,1,1.0,4.0,"[{'ID': 309325, 'ConnectionTypeID': 25, 'StatusTypeID': 50, 'LevelID': 2, 'Amps': 16, 'Voltage': 230, 'PowerKW': 11.0, 'CurrentTypeID': 20, 'Quantity': 2}]",1,50,2021-12-19T21:25:00Z,1,2021-12-19T12:38:00Z,200,191090,Emmalaan,Emmalaan,Utrecht,3581HM,159,52.09334789225565,5.13998540702346,0,Utrecht,,,,,,,,,309325.0,25.0,50.0,2.0,11.0,20.0,2.0,,16.0,230.0,
87,False,2021-12-19T21:26:00Z,190730,5C1A2EE6-38FF-4268-B1F5-79BD6F6C1B8A,1,1.0,4.0,"[{'ID': 309324, 'ConnectionTypeID': 25, 'StatusTypeID': 50, 'LevelID': 2, 'Amps': 16, 'Voltage': 230, 'PowerKW': 11.0, 'CurrentTypeID': 20, 'Quantity': 2}]",1,50,2021-12-19T21:26:00Z,1,2021-12-19T12:37:00Z,200,191089,74 Wolter Heukelslaan,74 Wolter Heukelslaan,Utrecht,3581SV,159,52.094065878017204,5.138216938305618,0,Utrecht,,,,,,,,,309324.0,25.0,50.0,2.0,11.0,20.0,2.0,,16.0,230.0,
88,False,2021-12-19T21:26:00Z,190729,C4F150B5-BABA-45F0-9863-7CC2C851F9CE,1,1.0,4.0,"[{'ID': 309323, 'ConnectionTypeID': 25, 'StatusTypeID': 50, 'LevelID': 2, 'Amps': 16, 'Voltage': 230, 'PowerKW': 11.0, 'CurrentTypeID': 20, 'Quantity': 2}]",1,50,2021-12-19T21:26:00Z,1,2021-12-19T12:37:00Z,200,191088,70 Wolter Heukelslaan,70 Wolter Heukelslaan,Utrecht,3581SV,159,52.093662668099284,5.138263700923744,0,Utrecht,,,,,,,,,309323.0,25.0,50.0,2.0,11.0,20.0,2.0,,16.0,230.0,
89,False,2021-12-19T21:26:00Z,190728,2FE27AE1-0EA5-4CA8-9DE7-CBEACAA12582,1,1.0,4.0,"[{'ID': 309322, 'ConnectionTypeID': 25, 'StatusTypeID': 50, 'LevelID': 2, 'Amps': 16, 'Voltage': 230, 'PowerKW': 11.0, 'CurrentTypeID': 20, 'Quantity': 2}]",1,50,2021-12-19T21:26:00Z,1,2021-12-19T12:36:00Z,200,191087,65A-BS Wolter Heukelslaan,65A-BS Wolter Heukelslaan,Utrecht,3581SV,159,52.09299309878932,5.137815118952972,0,Utrecht,,,,,,,,,309322.0,25.0,50.0,2.0,11.0,20.0,2.0,,16.0,230.0,
90,False,2021-12-19T21:26:00Z,190727,9EB25934-6F8B-4C91-855D-0055B107AEB2,1,1.0,4.0,"[{'ID': 309321, 'ConnectionTypeID': 25, 'StatusTypeID': 50, 'LevelID': 2, 'Amps': 16, 'Voltage': 230, 'PowerKW': 11.0, 'CurrentTypeID': 20, 'Quantity': 2}]",1,50,2021-12-19T21:26:00Z,1,2021-12-19T12:35:00Z,200,191086,Zonnehof,Zonnehof,Utrecht,3581MZ,159,52.08557265458322,5.134593090747785,0,Utrecht,,,,,,,,,309321.0,25.0,50.0,2.0,11.0,20.0,2.0,,16.0,230.0,
91,False,2021-12-19T21:26:00Z,190726,66936221-B90B-4F8E-8551-5014BBD34E1F,1,1.0,4.0,"[{'ID': 309320, 'ConnectionTypeID': 25, 'StatusTypeID': 50, 'LevelID': 2, 'Amps': 16, 'Voltage': 230, 'PowerKW': 11.0, 'CurrentTypeID': 20, 'Quantity': 2}]",1,50,2021-12-19T21:26:00Z,1,2021-12-19T12:35:00Z,200,191085,62 Homeruslaan,62 Homeruslaan,Utrecht,3581MJ,159,52.08539424128722,5.1366493877505945,0,Utrecht,,,,,,,,,309320.0,25.0,50.0,2.0,11.0,20.0,2.0,,16.0,230.0,
92,False,2021-12-19T21:26:00Z,190725,77460107-E1C2-41A5-9587-C91AC848D36B,1,1.0,4.0,"[{'ID': 309319, 'ConnectionTypeID': 25, 'StatusTypeID': 50, 'LevelID': 2, 'Amps': 16, 'Voltage': 230, 'PowerKW': 11.0, 'CurrentTypeID': 20, 'Quantity': 2}]",1,50,2021-12-19T21:26:00Z,1,2021-12-19T12:34:00Z,200,191084,Koningslaan,Koningslaan,Utrecht,3583GV,159,52.08549713969251,5.139713048908561,0,Utrecht,,,,,,,,,309319.0,25.0,50.0,2.0,11.0,20.0,2.0,,16.0,230.0,
93,False,2021-12-19T21:26:00Z,190724,29E0E4EA-04A9-48EF-9EA6-004060C6DEA9,1,1.0,4.0,"[{'ID': 309318, 'ConnectionTypeID': 25, 'StatusTypeID': 50, 'LevelID': 2, 'Amps': 16, 'Voltage': 230, 'PowerKW': 11.0, 'CurrentTypeID': 20, 'Quantity': 2}]",1,50,2021-12-19T21:26:00Z,1,2021-12-19T12:33:00Z,200,191083,Wagendwarsstraat,Wagendwarsstraat,Utrecht,3581WH,159,52.09005478679455,5.133734557582329,0,Utrecht,,,,,,,,,309318.0,25.0,50.0,2.0,11.0,20.0,2.0,,16.0,230.0,
94,False,2021-12-19T21:26:00Z,190723,C8E3FE05-1B7D-4462-85AB-97E58EEE8F0F,1,1.0,4.0,"[{'ID': 309317, 'ConnectionTypeID': 25, 'StatusTypeID': 50, 'LevelID': 2, 'Amps': 16, 'Voltage': 230, 'PowerKW': 11.0, 'CurrentTypeID': 20, 'Quantity': 2}]",1,50,2021-12-19T21:26:00Z,1,2021-12-19T12:32:00Z,200,191082,15 Bloesemstraat,15 Bloesemstraat,Utrecht,3581XA,159,52.08818594300041,5.133346335065994,0,Utrecht,,,,,,,,,309317.0,25.0,50.0,2.0,11.0,20.0,2.0,,16.0,230.0,
95,False,2021-12-19T21:26:00Z,190722,A3D2C5D0-A3FF-4BA2-AAA1-3926D20E7214,1,1.0,4.0,"[{'ID': 309316, 'ConnectionTypeID': 25, 'StatusTypeID': 50, 'LevelID': 2, 'Amps': 16, 'Voltage': 230, 'PowerKW': 11.0, 'CurrentTypeID': 20, 'Quantity': 2}]",1,50,2021-12-19T21:26:00Z,1,2021-12-19T12:31:00Z,200,191081,Minervaplein,Minervaplein,Utrecht,3581XP,159,52.086329944695024,5.13538062577652,0,Utrecht,,,,,,,,,309316.0,25.0,50.0,2.0,11.0,20.0,2.0,,16.0,230.0,
96,False,2021-12-19T21:26:00Z,190721,ED61E389-9A4F-4894-8F0C-44713020BEB6,1,1.0,4.0,"[{'ID': 309315, 'ConnectionTypeID': 25, 'StatusTypeID': 50, 'LevelID': 2, 'Amps': 16, 'Voltage': 230, 'PowerKW': 11.0, 'CurrentTypeID': 20, 'Quantity': 2}]",1,50,2021-12-19T21:26:00Z,1,2021-12-19T12:30:00Z,200,191080,80 Bankstraat,80 Bankstraat,Utrecht,3581LP,159,52.08692819056603,5.135704882230243,0,Utrecht,,,,,,,,,309315.0,25.0,50.0,2.0,11.0,20.0,2.0,,16.0,230.0,
97,False,2021-12-19T21:26:00Z,190720,43C7C227-2BA6-48BD-980D-00345CC6CB3A,1,1.0,5.0,"[{'ID': 309314, 'ConnectionTypeID': 0, 'StatusTypeID': 50}]",1,50,2021-12-19T21:26:00Z,1,2021-12-19T12:27:00Z,200,191079,Willem de Zwijgerstraat,Willem de Zwijgerstraat,Utrecht,3583HA,159,52.0872231173976,5.14253424432502,0,Utrecht,,,,,,,,,309314.0,0.0,50.0,,,,,,,,
98,False,2021-12-19T21:26:00Z,190719,0596ACEF-1774-4185-B2EA-324F7B3CFED8,1,1.0,5.0,"[{'ID': 309313, 'ConnectionTypeID': 0, 'StatusTypeID': 50}]",1,50,2021-12-19T21:26:00Z,1,2021-12-19T12:23:00Z,200,191078,Dillenburgstraat,Dillenburgstraat,Utrecht,3583VA,159,52.08916478875773,5.142193386030044,0,Utrecht,,,"0,36 per kWh",,,,,,309313.0,0.0,50.0,,,,,,,,
99,False,2021-12-19T21:27:00Z,190718,1BEBBF07-62A2-4012-A391-0B4680D226FB,1,1.0,5.0,"[{'ID': 309312, 'ConnectionTypeID': 0, 'StatusTypeID': 50}]",1,50,2021-12-19T21:27:00Z,1,2021-12-19T12:22:00Z,200,191077,Van Alphenplein,Van Alphenplein,Utrecht,3581JE,159,52.091717725238425,5.138035548936045,0,Utrecht,,,"0,36 per kWh",,,,,,309312.0,0.0,50.0,,,,,,,,
